,date,price
0,2015-01-01,8284.0
1,2015-01-02,8395.45
2,2015-01-05,8378.4
3,2015-01-06,8127.35
4,2015-01-07,8102.1
5,2015-01-08,8234.6
6,2015-01-09,8284.5
7,2015-01-12,8323.0
8,2015-01-13,8299.4
9,2015-01-14,8277.55
10,2015-01-15,8494.15
11,2015-01-16,8513.8
12,2015-01-19,8550.7
13,2015-01-20,8695.6
14,2015-01-21,8729.5
15,2015-01-22,8761.4
16,2015-01-23,8835.6
17,2015-01-27,8910.5
18,2015-01-28,8914.3
19,2015-01-29,8952.35
20,2015-01-30,8808.9
21,2015-02-02,8797.4
22,2015-02-03,8756.55
23,2015-02-04,8723.7
24,2015-02-05,8711.7
25,2015-02-06,8661.05
26,2015-02-09,8526.35
27,2015-02-10,8565.55
28,2015-02-11,8627.4
29,2015-02-12,8711.55
30,2015-02-13,8805.5
31,2015-02-16,8809.35
32,2015-02-18,8869.1
33,2015-02-19,8895.3
34,2015-02-20,8833.6
35,2015-02-23,8754.95
36,2015-02-24,8762.1
37,2015-02-25,8767.25
38,2015-02-26,8683.85
39,2015-02-27,8844.6
40,2015-02-28,8901.85
41,2015-03-02,8956.75
42,2015-03-03,8996.25
43,2015-03-04,8922.65
44,2015-03-05,8937.75
45,2015-03-09,8756.75
46,2015-03-10,8712.05
47,2015-03-11,8699.95
48,2015-03-12,8776.0
49,2015-03-13,8647.75
50,2015-03-16,8633.15
51,2015-03-17,8723.3
52,2015-03-18,8685.9
53,2015-03-19,8634.65
54,2015-03-20,8570.9
55,2015-03-23,8550.9
56,2015-03-24,8542.95
57,2015-03-25,8530.8
58,2015-03-26,8342.15
59,2015-03-27,8341.4
60,2015-03-30,8492.3
61,2015-03-31,8491.0
62,2015-04-01,8586.25
63,2015-04-06,8659.9
64,2015-04-07,8660.3
65,2015-04-08,8714.4
66,2015-04-09,8778.3
67,2015-04-10,8780.35
68,2015-04-13,8834.0
69,2015-04-15,8750.2
70,2015-04-16,8706.7
71,2015-04-17,8606.0
72,2015-04-20,8448.1
73,2015-04-21,8377.75
74,2015-04-22,8429.7
75,2015-04-23,8398.3
76,2015-04-24,8305.25
77,2015-04-27,8213.8
78,2015-04-28,8285.6
79,2015-04-29,8239.75
80,2015-04-30,8181.5
81,2015-05-04,8331.95
82,2015-05-05,8324.8
83,2015-05-06,8097.0
84,2015-05-07,8057.3
85,2015-05-08,8191.5
86,2015-05-11,8325.25
87,2015-05-12,8126.95
88,2015-05-13,8235.45
89,2015-05-14,8224.2
90,2015-05-15,8262.35
91,2015-05-18,8373.65
92,2015-05-19,8365.65
93,2015-05-20,8423.25
94,2015-05-21,8421.0
95,2015-05-22,8458.95
96,2015-05-25,8370.25
97,2015-05-26,8339.35
98,2015-05-27,8334.6
99,2015-05-28,8319.0
100,2015-05-29,8433.65
101,2015-06-01,8433.4
102,2015-06-02,8236.45
103,2015-06-03,8135.1
104,2015-06-04,8130.65
105,2015-06-05,8114.7
106,2015-06-08,8044.15
107,2015-06-09,8022.4
108,2015-06-10,8124.45
109,2015-06-11,7965.35
110,2015-06-12,7982.9
111,2015-06-15,8013.9
112,2015-06-16,8047.3
113,2015-06-17,8091.55
114,2015-06-18,8174.6
115,2015-06-19,8224.95
116,2015-06-22,8353.1
117,2015-06-23,8381.55
118,2015-06-24,8360.85
119,2015-06-25,8398.0
120,2015-06-26,8381.1
121,2015-06-29,8318.4
122,2015-06-30,8368.5
123,2015-07-01,8453.05
124,2015-07-02,8444.9
125,2015-07-03,8484.9
126,2015-07-06,8522.15
127,2015-07-07,8510.8
128,2015-07-08,8363.05
129,2015-07-09,8328.55
130,2015-07-10,8360.55
131,2015-07-13,8459.65
132,2015-07-14,8454.1
133,2015-07-15,8523.8
134,2015-07-16,8608.05
135,2015-07-17,8609.85
136,2015-07-20,8603.45
137,2015-07-21,8529.45
138,2015-07-22,8633.5
139,2015-07-23,8589.8
140,2015-07-24,8521.55
141,2015-07-27,8361.0
142,2015-07-28,8337.0
143,2015-07-29,8375.05
144,2015-07-30,8421.8
145,2015-07-31,8532.85
146,2015-08-03,8543.05
147,2015-08-04,8516.9
148,2015-08-05,8567.95
149,2015-08-06,8588.65
150,2015-08-07,8564.6
151,2015-08-10,8525.6
152,2015-08-11,8462.35
153,2015-08-12,8349.45
154,2015-08-13,8355.85
155,2015-08-14,8518.55
156,2015-08-17,8477.3
157,2015-08-18,8466.55
158,2015-08-19,8495.15
159,2015-08-20,8372.75
160,2015-08-21,8299.95
161,2015-08-24,7809.0
162,2015-08-25,7880.7
163,2015-08-26,7791.85
164,2015-08-27,7948.95
165,2015-08-28,8001.95
166,2015-08-31,7971.3
167,2015-09-01,7785.85
168,2015-09-02,7717.0
169,2015-09-03,7823.0
170,2015-09-04,7655.05
171,2015-09-07,7558.8
172,2015-09-08,7688.25
173,2015-09-09,7818.6
174,2015-09-10,7788.1
175,2015-09-11,7789.3
176,2015-09-14,7872.25
177,2015-09-15,7829.1
178,2015-09-16,7899.15
179,2015-09-18,7981.9
180,2015-09-21,7977.1
181,2015-09-22,7812.0
182,2015-09-23,7845.95
183,2015-09-24,7868.5
184,2015-09-28,7795.7
185,2015-09-29,7843.3
186,2015-09-30,7948.9
187,2015-10-01,7950.9
188,2015-10-05,8119.3
189,2015-10-06,8152.9
190,2015-10-07,8177.4
191,2015-10-08,8129.35
192,2015-10-09,8189.7
193,2015-10-12,8143.6
194,2015-10-13,8131.7
195,2015-10-14,8107.9
196,2015-10-15,8179.5
197,2015-10-16,8238.15
198,2015-10-19,8275.05
199,2015-10-20,8261.65
200,2015-10-21,8251.7
201,2015-10-23,8295.45
202,2015-10-26,8260.55
203,2015-10-27,8232.9
204,2015-10-28,8171.2
205,2015-10-29,8111.75
206,2015-10-30,8065.8
207,2015-11-02,8050.8
208,2015-11-03,8060.7
209,2015-11-04,8040.2
210,2015-11-05,7955.45
211,2015-11-06,7954.3
212,2015-11-09,7915.2
213,2015-11-10,7783.35
214,2015-11-11,7825.0
215,2015-11-13,7762.25
216,2015-11-16,7806.6
217,2015-11-17,7837.55
218,2015-11-18,7731.8
219,2015-11-19,7842.75
220,2015-11-20,7856.55
221,2015-11-23,7849.25
222,2015-11-24,7831.6
223,2015-11-26,7883.8
224,2015-11-27,7942.7
225,2015-11-30,7935.25
226,2015-12-01,7954.9
227,2015-12-02,7931.35
228,2015-12-03,7864.15
229,2015-12-04,7781.9
230,2015-12-07,7765.4
231,2015-12-08,7701.7
232,2015-12-09,7612.5
233,2015-12-10,7683.3
234,2015-12-11,7610.45
235,2015-12-14,7650.05
236,2015-12-15,7700.9
237,2015-12-16,7750.9
238,2015-12-17,7844.35
239,2015-12-18,7761.95
240,2015-12-21,7834.45
241,2015-12-22,7786.1
242,2015-12-23,7865.95
243,2015-12-24,7861.05
244,2015-12-28,7925.15
245,2015-12-29,7928.95
246,2015-12-30,7896.25
247,2015-12-31,7946.35
248,2016-01-01,7963.2
249,2016-01-04,7791.3
250,2016-01-05,7784.65
251,2016-01-06,7741.0
252,2016-01-07,7568.3
253,2016-01-08,7601.35
254,2016-01-11,7563.85
255,2016-01-12,7510.3
256,2016-01-13,7562.4
257,2016-01-14,7536.8
258,2016-01-15,7437.8
259,2016-01-18,7351.0
260,2016-01-19,7435.1
261,2016-01-20,7309.3
262,2016-01-21,7276.8
263,2016-01-22,7422.45
264,2016-01-25,7436.15
265,2016-01-27,7437.75
266,2016-01-28,7424.65
267,2016-01-29,7563.55
268,2016-02-01,7555.95
269,2016-02-02,7455.55
270,2016-02-03,7361.8
271,2016-02-04,7404.0
272,2016-02-05,7489.1
273,2016-02-08,7387.25
274,2016-02-09,7298.2
275,2016-02-10,7215.7
276,2016-02-11,6976.35
277,2016-02-12,6980.95
278,2016-02-15,7162.95
279,2016-02-16,7048.25
280,2016-02-17,7108.45
281,2016-02-18,7191.75
282,2016-02-19,7210.75
283,2016-02-22,7234.55
284,2016-02-23,7109.55
285,2016-02-24,7018.7
286,2016-02-25,6970.6
287,2016-02-26,7029.75
288,2016-02-29,6987.05
289,2016-03-01,7222.3
290,2016-03-02,7368.85
291,2016-03-03,7475.6
292,2016-03-04,7485.35
293,2016-03-08,7485.3
294,2016-03-09,7531.8
295,2016-03-10,7486.15
296,2016-03-11,7510.2
297,2016-03-14,7538.75
298,2016-03-15,7460.6
299,2016-03-16,7498.75
300,2016-03-17,7512.55
301,2016-03-18,7604.35
302,2016-03-21,7704.25
303,2016-03-22,7714.9
304,2016-03-23,7716.5
305,2016-03-28,7615.1
306,2016-03-29,7597.0
307,2016-03-30,7735.2
308,2016-03-31,7738.4
309,2016-04-01,7713.05
310,2016-04-04,7758.8
311,2016-04-05,7603.2
312,2016-04-06,7614.35
313,2016-04-07,7546.45
314,2016-04-08,7555.2
315,2016-04-11,7671.4
316,2016-04-12,7708.95
317,2016-04-13,7850.45
318,2016-04-18,7914.7
319,2016-04-20,7914.75
320,2016-04-21,7912.05
321,2016-04-22,7899.3
322,2016-04-25,7855.05
323,2016-04-26,7962.65
324,2016-04-27,7979.9
325,2016-04-28,7847.25
326,2016-04-29,7849.8
327,2016-05-02,7805.9
328,2016-05-03,7747.0
329,2016-05-04,7706.55
330,2016-05-05,7735.5
331,2016-05-06,7733.45
332,2016-05-09,7866.05
333,2016-05-10,7887.8
334,2016-05-11,7848.85
335,2016-05-12,7900.4
336,2016-05-13,7814.9
337,2016-05-16,7860.75
338,2016-05-17,7890.75
339,2016-05-18,7870.15
340,2016-05-19,7783.4
341,2016-05-20,7749.7
342,2016-05-23,7731.05
343,2016-05-24,7748.85
344,2016-05-25,7934.9
345,2016-05-26,8069.65
346,2016-05-27,8156.65
347,2016-05-30,8178.5
348,2016-05-31,8160.1
349,2016-06-01,8179.95
350,2016-06-02,8218.95
351,2016-06-03,8220.8
352,2016-06-06,8201.05
353,2016-06-07,8266.45
354,2016-06-08,8273.05
355,2016-06-09,8203.6
356,2016-06-10,8170.05
357,2016-06-13,8110.6
358,2016-06-14,8108.85
359,2016-06-15,8206.6
360,2016-06-16,8140.75
361,2016-06-17,8170.2
362,2016-06-20,8238.5
363,2016-06-21,8219.9
364,2016-06-22,8203.7
365,2016-06-23,8270.45
366,2016-06-24,8088.6
367,2016-06-27,8094.7
368,2016-06-28,8127.85
369,2016-06-29,8204.0
370,2016-06-30,8287.75
371,2016-07-01,8328.35
372,2016-07-04,8370.7
373,2016-07-05,8335.95
374,2016-07-07,8337.9
375,2016-07-08,8323.2
376,2016-07-11,8467.9
377,2016-07-12,8521.05
378,2016-07-13,8519.5
379,2016-07-14,8565.0
380,2016-07-15,8541.4
381,2016-07-18,8508.7
382,2016-07-19,8528.55
383,2016-07-20,8565.85
384,2016-07-21,8510.1
385,2016-07-22,8541.2
386,2016-07-25,8635.65
387,2016-07-26,8590.65
388,2016-07-27,8615.8
389,2016-07-28,8666.3
390,2016-07-29,8638.5
391,2016-08-01,8636.55
392,2016-08-02,8622.9
393,2016-08-03,8544.85
394,2016-08-04,8551.1
395,2016-08-05,8683.15
396,2016-08-08,8711.35
397,2016-08-09,8678.25
398,2016-08-10,8575.3
399,2016-08-11,8592.15
400,2016-08-12,8672.15
401,2016-08-16,8642.55
402,2016-08-17,8624.05
403,2016-08-18,8673.25
404,2016-08-19,8666.9
405,2016-08-22,8629.15
406,2016-08-23,8632.6
407,2016-08-24,8650.3
408,2016-08-25,8592.2
409,2016-08-26,8572.55
410,2016-08-29,8607.45
411,2016-08-30,8744.35
412,2016-08-31,8786.2
413,2016-09-01,8774.65
414,2016-09-02,8809.65
415,2016-09-06,8943.0
416,2016-09-07,8917.95
417,2016-09-08,8952.5
418,2016-09-09,8866.7
419,2016-09-12,8715.6
420,2016-09-14,8726.6
421,2016-09-15,8742.55
422,2016-09-16,8779.85
423,2016-09-19,8808.4
424,2016-09-20,8775.9
425,2016-09-21,8777.15
426,2016-09-22,8867.45
427,2016-09-23,8831.55
428,2016-09-26,8723.05
429,2016-09-27,8706.4
430,2016-09-28,8745.15
431,2016-09-29,8591.25
432,2016-09-30,8611.15
433,2016-10-03,8738.1
434,2016-10-04,8769.15
435,2016-10-05,8743.95
436,2016-10-06,8709.55
437,2016-10-07,8697.6
438,2016-10-10,8708.8
439,2016-10-13,8573.35
440,2016-10-14,8583.4
441,2016-10-17,8520.4
442,2016-10-18,8677.9
443,2016-10-19,8659.1
444,2016-10-20,8699.4
445,2016-10-21,8693.05
446,2016-10-24,8708.95
447,2016-10-25,8691.3
448,2016-10-26,8615.25
449,2016-10-27,8615.25
450,2016-10-28,8638.0
451,2016-10-30,8625.7
452,2016-11-01,8626.25
453,2016-11-02,8514.0
454,2016-11-03,8484.95
455,2016-11-04,8433.75
456,2016-11-07,8497.05
457,2016-11-08,8543.55
458,2016-11-09,8432.0
459,2016-11-10,8525.75
460,2016-11-11,8296.3
461,2016-11-15,8108.45
462,2016-11-16,8111.6
463,2016-11-17,8079.95
464,2016-11-18,8074.1
465,2016-11-21,7929.1
466,2016-11-22,8002.3
467,2016-11-23,8033.3
468,2016-11-24,7965.5
469,2016-11-25,8114.3
470,2016-11-28,8126.9
471,2016-11-29,8142.15
472,2016-11-30,8224.5
473,2016-12-01,8192.9
474,2016-12-02,8086.8
475,2016-12-05,8128.75
476,2016-12-06,8143.15
477,2016-12-07,8102.05
478,2016-12-08,8246.85
479,2016-12-09,8261.75
480,2016-12-12,8170.8
481,2016-12-13,8221.8
482,2016-12-14,8182.45
483,2016-12-15,8153.6
484,2016-12-16,8139.45
485,2016-12-19,8104.35
486,2016-12-20,8082.4
487,2016-12-21,8061.3
488,2016-12-22,7979.1
489,2016-12-23,7985.75
490,2016-12-26,7908.25
491,2016-12-27,8032.85
492,2016-12-28,8034.85
493,2016-12-29,8103.6
494,2016-12-30,8185.8
495,2017-01-02,8179.5
496,2017-01-03,8192.25
497,2017-01-04,8190.5
498,2017-01-05,8273.8
499,2017-01-06,8243.8
500,2017-01-09,8236.05
501,2017-01-10,8288.6
502,2017-01-11,8380.65
503,2017-01-12,8407.2
504,2017-01-13,8400.35
505,2017-01-16,8412.8
506,2017-01-17,8398.0
507,2017-01-18,8417.0
508,2017-01-19,8435.1
509,2017-01-20,8349.35
510,2017-01-23,8391.5
511,2017-01-24,8475.8
512,2017-01-25,8602.75
513,2017-01-27,8641.25
514,2017-01-30,8632.75
515,2017-01-31,8561.3
516,2017-02-01,8716.4
517,2017-02-02,8734.25
518,2017-02-03,8740.95
519,2017-02-06,8801.05
520,2017-02-07,8768.3
521,2017-02-08,8769.05
522,2017-02-09,8778.4
523,2017-02-10,8793.55
524,2017-02-13,8805.05
525,2017-02-14,8792.3
526,2017-02-15,8724.7
527,2017-02-16,8778.0
528,2017-02-17,8821.7
529,2017-02-20,8879.2
530,2017-02-21,8907.85
531,2017-02-22,8926.9
532,2017-02-23,8939.5
533,2017-02-27,8896.7
534,2017-02-28,8879.6
535,2017-03-01,8945.8
536,2017-03-02,8899.75
537,2017-03-03,8897.55
538,2017-03-06,8963.45
539,2017-03-07,8946.9
540,2017-03-08,8924.3
541,2017-03-09,8927.0
542,2017-03-10,8934.55
543,2017-03-14,9087.0
544,2017-03-15,9084.8
545,2017-03-16,9153.7
546,2017-03-17,9160.05
547,2017-03-20,9126.85
548,2017-03-21,9121.5
549,2017-03-22,9030.45
550,2017-03-23,9086.3
551,2017-03-24,9108.0
552,2017-03-27,9045.2
553,2017-03-28,9100.8
554,2017-03-29,9143.8
555,2017-03-30,9173.75
556,2017-03-31,9173.75
557,2017-04-03,9237.85
558,2017-04-05,9265.15
559,2017-04-06,9261.95
560,2017-04-07,9198.3
561,2017-04-10,9181.45
562,2017-04-11,9237.0
563,2017-04-12,9203.45
564,2017-04-13,9150.8
565,2017-04-17,9139.3
566,2017-04-18,9105.15
567,2017-04-19,9103.5
568,2017-04-20,9136.4
569,2017-04-21,9119.4
570,2017-04-24,9217.95
571,2017-04-25,9306.6
572,2017-04-26,9351.85
573,2017-04-27,9342.15
574,2017-04-28,9304.05
575,2017-05-02,9313.8
576,2017-05-03,9311.95
577,2017-05-04,9359.9
578,2017-05-05,9285.3
579,2017-05-08,9314.05
580,2017-05-09,9316.85
581,2017-05-10,9407.3
582,2017-05-11,9422.4
583,2017-05-12,9400.9
584,2017-05-15,9445.4
585,2017-05-16,9512.25
586,2017-05-17,9525.75
587,2017-05-18,9429.45
588,2017-05-19,9427.9
589,2017-05-22,9438.25
590,2017-05-23,9386.15
591,2017-05-24,9360.55
592,2017-05-25,9509.75
593,2017-05-26,9595.1
594,2017-05-29,9604.9
595,2017-05-30,9624.55
596,2017-05-31,9621.25
597,2017-06-01,9616.1
598,2017-06-02,9653.5
599,2017-06-05,9675.1
600,2017-06-06,9637.15
601,2017-06-07,9663.9
602,2017-06-08,9647.25
603,2017-06-09,9668.25
604,2017-06-12,9616.4
605,2017-06-13,9606.9
606,2017-06-14,9618.15
607,2017-06-15,9578.05
608,2017-06-16,9588.05
609,2017-06-19,9657.55
610,2017-06-20,9653.5
611,2017-06-21,9633.6
612,2017-06-22,9630.0
613,2017-06-23,9574.95
614,2017-06-27,9511.4
615,2017-06-28,9491.25
616,2017-06-29,9504.1
617,2017-06-30,9520.9
618,2017-07-03,9615.0
619,2017-07-04,9613.3
620,2017-07-05,9637.6
621,2017-07-06,9674.55
622,2017-07-07,9665.8
623,2017-07-10,9771.05
624,2017-07-11,9786.05
625,2017-07-12,9816.1
626,2017-07-13,9891.7
627,2017-07-14,9886.35
628,2017-07-17,9915.95
629,2017-07-18,9827.15
630,2017-07-19,9899.6
631,2017-07-20,9873.3
632,2017-07-21,9915.25
633,2017-07-24,9966.4
634,2017-07-25,9964.55
635,2017-07-26,10020.65
636,2017-07-27,10020.55
637,2017-07-28,10014.5
638,2017-07-31,10077.1
639,2017-08-01,10114.65
640,2017-08-02,10081.5
641,2017-08-03,10013.65
642,2017-08-04,10066.4
643,2017-08-07,10057.4
644,2017-08-08,9978.55
645,2017-08-09,9908.05
646,2017-08-10,9820.25
647,2017-08-11,9710.8
648,2017-08-14,9794.15
649,2017-08-16,9897.3
650,2017-08-17,9904.15
651,2017-08-18,9837.4
652,2017-08-21,9754.35
653,2017-08-22,9765.55
654,2017-08-23,9852.5
655,2017-08-24,9857.05
656,2017-08-28,9912.8
657,2017-08-29,9796.05
658,2017-08-30,9884.4
659,2017-08-31,9917.9
660,2017-09-01,9974.4
661,2017-09-04,9912.85
662,2017-09-05,9952.2
663,2017-09-06,9916.2
664,2017-09-07,9929.9
665,2017-09-08,9934.8
666,2017-09-11,10006.05
667,2017-09-12,10093.05
668,2017-09-13,10079.3
669,2017-09-14,10086.6
670,2017-09-15,10085.4
671,2017-09-18,10153.1
672,2017-09-19,10147.55
673,2017-09-20,10141.15
674,2017-09-21,10121.9
675,2017-09-22,9964.4
676,2017-09-25,9872.6
677,2017-09-26,9871.5
678,2017-09-27,9735.75
679,2017-09-28,9768.95
680,2017-09-29,9788.6
681,2017-10-03,9859.5
682,2017-10-04,9914.9
683,2017-10-05,9888.7
684,2017-10-06,9979.7
685,2017-10-09,9988.75
686,2017-10-10,10016.95
687,2017-10-11,9984.8
688,2017-10-12,10096.4
689,2017-10-13,10167.45
690,2017-10-16,10230.85
691,2017-10-17,10234.45
692,2017-10-18,10210.85
693,2017-10-19,10146.55
694,2017-10-23,10184.85
695,2017-10-24,10207.7
696,2017-10-25,10295.35
697,2017-10-26,10343.8
698,2017-10-27,10323.05
699,2017-10-30,10363.65
700,2017-10-31,10335.3
701,2017-11-01,10440.5
702,2017-11-02,10423.8
703,2017-11-03,10452.5
704,2017-11-06,10451.8
705,2017-11-07,10350.15
706,2017-11-08,10303.15
707,2017-11-09,10308.95
708,2017-11-10,10321.75
709,2017-11-13,10224.95
710,2017-11-14,10186.6
711,2017-11-15,10118.05
712,2017-11-16,10214.75
713,2017-11-17,10283.6
714,2017-11-20,10298.75
715,2017-11-21,10326.9
716,2017-11-22,10342.3
717,2017-11-23,10348.75
718,2017-11-24,10389.7
719,2017-11-27,10399.55
720,2017-11-28,10370.25
721,2017-11-29,10361.3
722,2017-11-30,10226.55
723,2017-12-01,10121.8
724,2017-12-04,10127.75
725,2017-12-05,10118.25
726,2017-12-06,10044.1
727,2017-12-07,10166.7
728,2017-12-08,10265.65
729,2017-12-11,10322.25
730,2017-12-12,10240.15
731,2017-12-13,10192.95
732,2017-12-14,10252.1
733,2017-12-15,10333.25
734,2017-12-18,10388.75
735,2017-12-19,10463.2
736,2017-12-20,10444.2
737,2017-12-21,10440.3
738,2017-12-22,10493.0
739,2017-12-26,10531.5
740,2017-12-27,10490.75
741,2017-12-28,10477.9
742,2017-12-29,10530.7
743,2018-01-01,10435.55
744,2018-01-02,10442.2
745,2018-01-03,10443.2
746,2018-01-04,10504.8
747,2018-01-05,10558.85
748,2018-01-08,10623.6
749,2018-01-09,10637.0
750,2018-01-10,10632.2
751,2018-01-11,10651.2
752,2018-01-12,10681.25
753,2018-01-15,10741.55
754,2018-01-16,10700.45
755,2018-01-17,10788.55
756,2018-01-18,10817.0
757,2018-01-19,10894.7
758,2018-01-22,10966.2
759,2018-01-23,11083.7
760,2018-01-24,11086.0
761,2018-01-25,11069.65
762,2018-01-29,11130.4
763,2018-01-30,11049.65
764,2018-01-31,11027.7
765,2018-02-01,11016.9
766,2018-02-02,10760.6
767,2018-02-05,10666.55
768,2018-02-06,10498.25
769,2018-02-07,10476.7
770,2018-02-08,10576.85
771,2018-02-09,10454.95
772,2018-02-12,10539.75
773,2018-02-14,10500.9
774,2018-02-15,10545.5
775,2018-02-16,10452.3
776,2018-02-19,10378.4
777,2018-02-20,10360.4
778,2018-02-21,10397.45
779,2018-02-22,10382.7
780,2018-02-23,10491.05
781,2018-02-26,10582.6
782,2018-02-27,10554.3
783,2018-02-28,10492.85
784,2018-03-01,10458.35
785,2018-03-05,10358.85
786,2018-03-06,10249.25
787,2018-03-07,10154.2
788,2018-03-08,10242.65
789,2018-03-09,10226.85
790,2018-03-12,10421.4
791,2018-03-13,10426.85
792,2018-03-14,10410.9
793,2018-03-15,10360.15
794,2018-03-16,10195.15
795,2018-03-19,10094.25
796,2018-03-20,10124.35
797,2018-03-21,10155.25
798,2018-03-22,10114.75
799,2018-03-23,9998.05
800,2018-03-26,10130.65
801,2018-03-27,10184.15
802,2018-03-28,10113.7
803,2018-04-02,10211.8
804,2018-04-03,10245.0
805,2018-04-04,10128.4
806,2018-04-05,10325.15
807,2018-04-06,10331.6
808,2018-04-09,10379.35
809,2018-04-10,10402.25
810,2018-04-11,10417.15
811,2018-04-12,10458.65
812,2018-04-13,10480.6
813,2018-04-16,10528.35
814,2018-04-17,10548.7
815,2018-04-18,10526.2
816,2018-04-19,10565.3
817,2018-04-20,10564.05
818,2018-04-23,10584.7
819,2018-04-24,10614.35
820,2018-04-25,10570.55
821,2018-04-26,10617.8
822,2018-04-27,10692.3
823,2018-04-30,10739.35
824,2018-05-02,10718.05
825,2018-05-03,10679.65
826,2018-05-04,10618.25
827,2018-05-07,10715.5
828,2018-05-08,10717.8
829,2018-05-09,10741.7
830,2018-05-10,10716.55
831,2018-05-11,10806.5
832,2018-05-14,10806.6
833,2018-05-15,10801.85
834,2018-05-16,10741.1
835,2018-05-17,10682.7
836,2018-05-18,10596.4
837,2018-05-21,10516.7
838,2018-05-22,10536.7
839,2018-05-23,10430.35
840,2018-05-24,10513.85
841,2018-05-25,10605.15
842,2018-05-28,10688.65
843,2018-05-29,10633.3
844,2018-05-30,10614.35
845,2018-05-31,10736.15
846,2018-06-01,10696.2
847,2018-06-04,10628.5
848,2018-06-05,10593.15
849,2018-06-06,10684.65
850,2018-06-07,10768.35
851,2018-06-08,10767.65
852,2018-06-11,10786.95
853,2018-06-12,10842.85
854,2018-06-13,10856.7
855,2018-06-14,10808.05
856,2018-06-15,10817.7
857,2018-06-18,10799.85
858,2018-06-19,10710.45
859,2018-06-20,10772.05
860,2018-06-21,10741.1
861,2018-06-22,10821.85
862,2018-06-25,10762.45
863,2018-06-26,10769.15
864,2018-06-27,10671.4
865,2018-06-28,10589.1
866,2018-06-29,10714.3
867,2018-07-02,10657.3
868,2018-07-03,10699.9
869,2018-07-04,10769.9
870,2018-07-05,10749.75
871,2018-07-06,10772.65
872,2018-07-09,10852.9
873,2018-07-10,10947.25
874,2018-07-11,10948.3
875,2018-07-12,11023.2
876,2018-07-13,11018.9
877,2018-07-16,10936.85
878,2018-07-17,11008.05
879,2018-07-18,10980.45
880,2018-07-19,10957.1
881,2018-07-20,11010.2
882,2018-07-23,11084.75
883,2018-07-24,11134.3
884,2018-07-25,11132.0
885,2018-07-26,11167.3
886,2018-07-27,11278.35
887,2018-07-30,11319.55
888,2018-07-31,11356.5
889,2018-08-01,11346.2
890,2018-08-02,11244.7
891,2018-08-03,11360.8
892,2018-08-06,11387.1
893,2018-08-07,11389.45
894,2018-08-08,11450.0
895,2018-08-09,11470.7
896,2018-08-10,11429.5
897,2018-08-13,11355.75
898,2018-08-14,11435.1
899,2018-08-16,11385.05
900,2018-08-17,11470.75
901,2018-08-20,11551.75
902,2018-08-21,11570.9
903,2018-08-23,11582.75
904,2018-08-24,11557.1
905,2018-08-27,11691.95
906,2018-08-28,11738.5
907,2018-08-29,11691.9
908,2018-08-30,11676.8
909,2018-08-31,11680.5
910,2018-09-03,11582.35
911,2018-09-04,11520.3
912,2018-09-05,11476.95
913,2018-09-06,11536.9
914,2018-09-07,11589.1
915,2018-09-10,11438.1
916,2018-09-11,11287.5
917,2018-09-12,11369.9
918,2018-09-14,11515.2
919,2018-09-17,11377.75
920,2018-09-18,11278.9
921,2018-09-19,11234.35
922,2018-09-21,11143.1
923,2018-09-24,10967.4
924,2018-09-25,11067.45
925,2018-09-26,11053.8
926,2018-09-27,10977.55
927,2018-09-28,10930.45
928,2018-10-01,11008.3
929,2018-10-03,10858.25
930,2018-10-04,10599.25
931,2018-10-05,10316.45
932,2018-10-08,10348.05
933,2018-10-09,10301.05
934,2018-10-10,10460.1
935,2018-10-11,10234.65
936,2018-10-12,10472.5
937,2018-10-15,10512.5
938,2018-10-16,10584.75
939,2018-10-17,10453.05
940,2018-10-19,10303.55
941,2018-10-22,10245.25
942,2018-10-23,10146.8
943,2018-10-24,10224.75
944,2018-10-25,10124.9
945,2018-10-26,10030.0
946,2018-10-29,10250.85
947,2018-10-30,10198.4
948,2018-10-31,10386.6
949,2018-11-01,10380.45
950,2018-11-02,10553.0
951,2018-11-05,10524.0
952,2018-11-06,10530.0
953,2018-11-07,10598.85
954,2018-11-09,10585.2
955,2018-11-12,10482.2
956,2018-11-13,10582.5
957,2018-11-14,10576.3
958,2018-11-15,10616.7
959,2018-11-16,10682.2
960,2018-11-19,10763.4
961,2018-11-20,10656.2
962,2018-11-21,10600.05
963,2018-11-22,10526.75
964,2018-11-26,10628.6
965,2018-11-27,10685.6
966,2018-11-28,10728.85
967,2018-11-29,10858.7
968,2018-11-30,10876.75
969,2018-12-03,10883.75
970,2018-12-04,10869.5
971,2018-12-05,10782.9
972,2018-12-06,10601.15
973,2018-12-07,10693.7
974,2018-12-10,10488.45
975,2018-12-11,10549.15
976,2018-12-12,10737.6
977,2018-12-13,10791.55
978,2018-12-14,10805.45
979,2018-12-17,10888.35
980,2018-12-18,10908.7
981,2018-12-19,10967.3
982,2018-12-20,10951.7
983,2018-12-21,10754.0
984,2018-12-24,10663.5
985,2018-12-26,10729.85
986,2018-12-27,10779.8
987,2018-12-28,10859.9
988,2018-12-31,10862.55
989,2019-01-01,10910.1
990,2019-01-02,10792.5
991,2019-01-03,10672.25
992,2019-01-04,10727.35
993,2019-01-07,10771.8
994,2019-01-08,10802.15
995,2019-01-09,10855.15
996,2019-01-10,10821.6
997,2019-01-11,10794.95
998,2019-01-14,10737.6
999,2019-01-15,10886.8
1000,2019-01-16,10890.3
1001,2019-01-17,10905.2
1002,2019-01-18,10906.95
1003,2019-01-21,10961.85
1004,2019-01-22,10922.75
1005,2019-01-23,10831.5
1006,2019-01-24,10849.8
1007,2019-01-25,10780.55
1008,2019-01-28,10661.55
1009,2019-01-29,10652.2
1010,2019-01-30,10651.8
1011,2019-01-31,10830.95
1012,2019-02-01,10893.65
1013,2019-02-04,10912.25
1014,2019-02-05,10934.35
1015,2019-02-06,11062.45
1016,2019-02-07,11069.4
1017,2019-02-08,10943.6
1018,2019-02-11,10888.8
1019,2019-02-12,10831.4
1020,2019-02-13,10793.65
1021,2019-02-14,10746.05
1022,2019-02-15,10724.4
1023,2019-02-18,10640.95
1024,2019-02-19,10604.35
1025,2019-02-20,10735.45
1026,2019-02-21,10789.85
1027,2019-02-22,10791.65
1028,2019-02-25,10880.1
1029,2019-02-26,10835.3
1030,2019-02-27,10806.65
1031,2019-02-28,10792.5
1032,2019-03-01,10863.5
1033,2019-03-05,10987.45
1034,2019-03-06,11053.0
1035,2019-03-07,11058.2
1036,2019-03-08,11035.4
1037,2019-03-11,11168.05
1038,2019-03-12,11301.2
1039,2019-03-13,11341.7
1040,2019-03-14,11343.25
1041,2019-03-15,11426.85
1042,2019-03-18,11462.2
1043,2019-03-19,11532.4
1044,2019-03-20,11521.05
1045,2019-03-22,11456.9
1046,2019-03-25,11354.25
1047,2019-03-26,11483.25
1048,2019-03-27,11445.05
1049,2019-03-28,11570.0
1050,2019-03-29,11623.9
1051,2019-04-01,11669.15
1052,2019-04-02,11713.2
1053,2019-04-03,11643.95
1054,2019-04-04,11598.0
1055,2019-04-05,11665.95
1056,2019-04-08,11604.5
1057,2019-04-09,11671.95
1058,2019-04-10,11584.3
1059,2019-04-11,11596.7
1060,2019-04-12,11643.45
1061,2019-04-15,11690.35
1062,2019-04-16,11787.15
1063,2019-04-18,11752.8
1064,2019-04-22,11594.45
1065,2019-04-23,11575.95
1066,2019-04-24,11726.15
1067,2019-04-25,11641.8
1068,2019-04-26,11754.65
1069,2019-04-30,11748.15
1070,2019-05-02,11724.75
1071,2019-05-03,11712.25
1072,2019-05-06,11598.25
1073,2019-05-07,11497.9
1074,2019-05-08,11359.45
1075,2019-05-09,11301.8
1076,2019-05-10,11278.9
1077,2019-05-13,11148.2
1078,2019-05-14,11222.05
1079,2019-05-15,11157.0
1080,2019-05-16,11257.1
1081,2019-05-17,11407.15
1082,2019-05-20,11828.25
1083,2019-05-21,11709.1
1084,2019-05-22,11737.9
1085,2019-05-23,11657.05
1086,2019-05-24,11844.1
1087,2019-05-27,11924.75
1088,2019-05-28,11928.75
1089,2019-05-29,11861.1
1090,2019-05-30,11945.9
1091,2019-05-31,11922.8
1092,2019-06-03,12088.55
1093,2019-06-04,12021.65
1094,2019-06-06,11843.75
1095,2019-06-07,11870.65
1096,2019-06-10,11922.7
1097,2019-06-11,11965.6
1098,2019-06-12,11906.2
1099,2019-06-13,11914.05
1100,2019-06-14,11823.3
1101,2019-06-17,11672.15
1102,2019-06-18,11691.5
1103,2019-06-19,11691.45
1104,2019-06-20,11831.75
1105,2019-06-21,11724.1
1106,2019-06-24,11699.65
1107,2019-06-25,11796.45
1108,2019-06-26,11847.55
1109,2019-06-27,11841.55
1110,2019-06-28,11788.85
1111,2019-07-01,11865.6
1112,2019-07-02,11910.3
1113,2019-07-03,11916.75
1114,2019-07-04,11946.75
1115,2019-07-05,11811.15
1116,2019-07-08,11558.6
1117,2019-07-09,11555.9
1118,2019-07-10,11498.9
1119,2019-07-11,11582.9
1120,2019-07-12,11552.5
1121,2019-07-15,11588.35
1122,2019-07-16,11662.6
1123,2019-07-17,11687.5
1124,2019-07-18,11596.9
1125,2019-07-19,11419.25
1126,2019-07-22,11346.2
1127,2019-07-23,11331.05
1128,2019-07-24,11271.3
1129,2019-07-25,11252.15
1130,2019-07-26,11284.3
1131,2019-07-29,11189.2
1132,2019-07-30,11085.4
1133,2019-07-31,11118.0
1134,2019-08-01,10980.0
1135,2019-08-02,10997.35
1136,2019-08-05,10862.6
1137,2019-08-06,10948.25
1138,2019-08-07,10855.5
1139,2019-08-08,11032.45
1140,2019-08-09,11109.65
1141,2019-08-13,10925.85
1142,2019-08-14,11029.4
1143,2019-08-16,11047.8
1144,2019-08-19,11053.9
1145,2019-08-20,11017.0
1146,2019-08-21,10918.7
1147,2019-08-22,10741.35
1148,2019-08-23,10829.35
1149,2019-08-26,11057.85
1150,2019-08-27,11105.35
1151,2019-08-28,11046.1
1152,2019-08-29,10948.3
1153,2019-08-30,11023.25
1154,2019-09-03,10797.9
1155,2019-09-04,10844.65
1156,2019-09-05,10847.9
1157,2019-09-06,10946.2
1158,2019-09-09,11003.05
1159,2019-09-11,11035.7
1160,2019-09-12,10982.8
1161,2019-09-13,11075.9
1162,2019-09-16,11003.5
1163,2019-09-17,10817.6
1164,2019-09-18,10840.65
1165,2019-09-19,10704.8
1166,2019-09-20,11274.2
1167,2019-09-23,11600.2
1168,2019-09-24,11588.2
1169,2019-09-25,11440.2
1170,2019-09-26,11571.2
1171,2019-09-27,11512.4
1172,2019-09-30,11474.45
1173,2019-10-01,11359.9
1174,2019-10-03,11314.0
1175,2019-10-04,11174.75
1176,2019-10-07,11126.4
1177,2019-10-09,11313.3
1178,2019-10-10,11234.55
1179,2019-10-11,11305.05
1180,2019-10-14,11341.15
1181,2019-10-15,11428.3
1182,2019-10-16,11464.0
1183,2019-10-17,11586.35
1184,2019-10-18,11661.85
1185,2019-10-22,11588.35
1186,2019-10-23,11604.1
1187,2019-10-24,11582.6
1188,2019-10-25,11583.9
1189,2019-10-29,11786.85
1190,2019-10-30,11844.1
1191,2019-10-31,11877.45
1192,2019-11-01,11890.6
1193,2019-11-04,11941.3
1194,2019-11-05,11917.2
1195,2019-11-06,11966.05
1196,2019-11-07,12012.05
1197,2019-11-08,11908.15
1198,2019-11-11,11913.45
1199,2019-11-13,11840.45
1200,2019-11-14,11872.1
1201,2019-11-15,11895.45
1202,2019-11-18,11884.5
1203,2019-11-19,11940.1
1204,2019-11-20,11999.1
1205,2019-11-21,11968.4
1206,2019-11-22,11914.4
1207,2019-11-25,12073.75
1208,2019-11-26,12037.7
1209,2019-11-27,12100.7
1210,2019-11-28,12151.15
1211,2019-11-29,12056.05
1212,2019-12-02,12048.2
1213,2019-12-03,11994.2
1214,2019-12-04,12043.2
1215,2019-12-05,12018.4
1216,2019-12-06,11921.5
1217,2019-12-09,11937.5
1218,2019-12-10,11856.8
1219,2019-12-11,11910.15
1220,2019-12-12,11971.8
1221,2019-12-13,12086.7
1222,2019-12-16,12053.95
1223,2019-12-17,12165.0
1224,2019-12-18,12221.65
1225,2019-12-19,12259.7
1226,2019-12-20,12271.8
1227,2019-12-23,12262.75
1228,2019-12-24,12214.55
1229,2019-12-26,12126.55
1230,2019-12-27,12245.8
1231,2019-12-30,12255.85
1232,2019-12-31,12168.45
